kind,stage,layer,count,minimum,maximum,smallest_nonzero,spacing_in_sample,int8_scale,int16_scale,int8_relative_rmse,int16_relative_rmse,fp16_out_of_range_percent,fp8_e4m3_out_of_range_percent,fp8_e5m2_out_of_range_percent,plot
weights,beginning,conv1,1728,-0.19216467,0.19218537,4.748960691358661e-06,8.940696716308594e-08,0.0015132707,5.8652113e-06,0.003930495,1.526292e-05,0.0,0.0,0.0,/content/drive/MyDrive/Colab_Notebooks/results/training/plots/weights_beginning_conv1.png
weights,beginning,bn1,64,1.0,1.0,1.0,0.0,0.007874016,3.051851e-05,0.0,0.0,0.0,0.0,0.0,/content/drive/MyDrive/Colab_Notebooks/results/training/plots/weights_beginning_bn1.png
bias,beginning,bn1,64,0.0,0.0,,0.0,0.0,0.0,0.0,0.0,0.0,0.0,0.0,/content/drive/MyDrive/Colab_Notebooks/results/training/plots/bias_beginning_bn1.png
weights,beginning,layer1.0.conv1,36864,-0.23759449,0.2330221,1.6487424545630347e-06,1.862645149230957e-09,0.0018708227,7.2510297e-06,0.00912284,3.5458037e-05,0.0,0.0,0.0,/content/drive/MyDrive/Colab_Notebooks/results/training/plots/weights_beginning_layer1_0_conv1.png
weights,beginning,layer1.0.bn1,64,1.0,1.0,1.0,0.0,0.007874016,3.051851e-05,0.0,0.0,0.0,0.0,0.0,/content/drive/MyDrive/Colab_Notebooks/results/training/plots/weights_beginning_layer1_0_bn1.png
bias,beginning,layer1.0.bn1,64,0.0,0.0,,0.0,0.0,0.0,0.0,0.0,0.0,0.0,0.0,/content/drive/MyDrive/Colab_Notebooks/results/training/plots/bias_beginning_layer1_0_bn1.png
weights,beginning,layer1.0.conv2,36864,-0.2695183,0.2651146,2.7135329219163395e-06,4.656612873077393e-10,0.0021221912,8.225296e-06,0.010304034,4.006352e-05,0.0,0.0,0.0,/content/drive/MyDrive/Colab_Notebooks/results/training/plots/weights_beginning_layer1_0_conv2.png
weights,beginning,layer1.0.bn2,64,1.0,1.0,1.0,0.0,0.007874016,3.051851e-05,0.0,0.0,0.0,0.0,0.0,/content/drive/MyDrive/Colab_Notebooks/results/training/plots/weights_beginning_layer1_0_bn2.png
bias,beginning,layer1.0.bn2,64,0.0,0.0,,0.0,0.0,0.0,0.0,0.0,0.0,0.0,0.0,/content/drive/MyDrive/Colab_Notebooks/results/training/plots/bias_beginning_layer1_0_bn2.png
weights,beginning,layer1.1.conv1,36864,-0.24120215,0.22776316,5.842587711413216e-07,1.3969838619232178e-09,0.0018992295,7.36113e-06,0.009348475,3.6195717e-05,0.0,0.0,0.0,/content/drive/MyDrive/Colab_Notebooks/results/training/plots/weights_beginning_layer1_1_conv1.png
weights,beginning,layer1.1.bn1,64,1.0,1.0,1.0,0.0,0.007874016,3.051851e-05,0.0,0.0,0.0,0.0,0.0,/content/drive/MyDrive/Colab_Notebooks/results/training/plots/weights_beginning_layer1_1_bn1.png
bias,beginning,layer1.1.bn1,64,0.0,0.0,,0.0,0.0,0.0,0.0,0.0,0.0,0.0,0.0,/content/drive/MyDrive/Colab_Notebooks/results/training/plots/bias_beginning_layer1_1_bn1.png
weights,beginning,layer1.1.conv2,36864,-0.24565956,0.2313271,4.523594725469593e-07,1.1641532182693481e-09,0.0019343273,7.4971636e-06,0.0094689615,3.6637928e-05,0.0,0.0,0.0,/content/drive/MyDrive/Colab_Notebooks/results/training/plots/weights_beginning_layer1_1_conv2.png
weights,beginning,layer1.1.bn2,64,1.0,1.0,1.0,0.0,0.007874016,3.051851e-05,0.0,0.0,0.0,0.0,0.0,/content/drive/MyDrive/Colab_Notebooks/results/training/plots/weights_beginning_layer1_1_bn2.png
bias,beginning,layer1.1.bn2,64,0.0,0.0,,0.0,0.0,0.0,0.0,0.0,0.0,0.0,0.0,/content/drive/MyDrive/Colab_Notebooks/results/training/plots/bias_beginning_layer1_1_bn2.png
weights,beginning,layer2.0.conv1,73728,-0.1671658,0.16707245,3.438517026665977e-08,9.313225746154785e-10,0.0013162661,5.101651e-06,0.009094451,3.5220713e-05,0.0,0.0,0.0,/content/drive/MyDrive/Colab_Notebooks/results/training/plots/weights_beginning_layer2_0_conv1.png
weights,beginning,layer2.0.bn1,128,1.0,1.0,1.0,0.0,0.007874016,3.051851e-05,0.0,0.0,0.0,0.0,0.0,/content/drive/MyDrive/Colab_Notebooks/results/training/plots/weights_beginning_layer2_0_bn1.png
bias,beginning,layer2.0.bn1,128,0.0,0.0,,0.0,0.0,0.0,0.0,0.0,0.0,0.0,0.0,/content/drive/MyDrive/Colab_Notebooks/results/training/plots/bias_beginning_layer2_0_bn1.png
weights,beginning,layer2.0.conv2,147456,-0.16783172,0.17710397,3.9178846833465286e-08,1.3969838619232178e-09,0.0013945195,5.404949e-06,0.009686246,3.738508e-05,0.0,0.0,0.0,/content/drive/MyDrive/Colab_Notebooks/results/training/plots/weights_beginning_layer2_0_conv2.png
weights,beginning,layer2.0.bn2,128,1.0,1.0,1.0,0.0,0.007874016,3.051851e-05,0.0,0.0,0.0,0.0,0.0,/content/drive/MyDrive/Colab_Notebooks/results/training/plots/weights_beginning_layer2_0_bn2.png
bias,beginning,layer2.0.bn2,128,0.0,0.0,,0.0,0.0,0.0,0.0,0.0,0.0,0.0,0.0,/content/drive/MyDrive/Colab_Notebooks/results/training/plots/bias_beginning_layer2_0_bn2.png
weights,beginning,layer2.0.downsample.0,8192,-0.4354346,0.5346944,2.248249074909836e-05,7.450580596923828e-09,0.004210192,1.6318076e-05,0.009601507,3.7070167e-05,0.0,0.0,0.0,/content/drive/MyDrive/Colab_Notebooks/results/training/plots/weights_beginning_layer2_0_downsample_0.png
weights,beginning,layer2.0.downsample.1,128,1.0,1.0,1.0,0.0,0.007874016,3.051851e-05,0.0,0.0,0.0,0.0,0.0,/content/drive/MyDrive/Colab_Notebooks/results/training/plots/weights_beginning_layer2_0_downsample_1.png
bias,beginning,layer2.0.downsample.1,128,0.0,0.0,,0.0,0.0,0.0,0.0,0.0,0.0,0.0,0.0,/content/drive/MyDrive/Colab_Notebooks/results/training/plots/bias_beginning_layer2_0_downsample_1.png
weights,beginning,layer2.1.conv1,147456,-0.17549096,0.18614349,1.74244917161559e-07,1.1641532182693481e-10,0.0014656967,5.6808217e-06,0.010291711,3.967557e-05,0.0,0.0,0.0,/content/drive/MyDrive/Colab_Notebooks/results/training/plots/weights_beginning_layer2_1_conv1.png
weights,beginning,layer2.1.bn1,128,1.0,1.0,1.0,0.0,0.007874016,3.051851e-05,0.0,0.0,0.0,0.0,0.0,/content/drive/MyDrive/Colab_Notebooks/results/training/plots/weights_beginning_layer2_1_bn1.png
bias,beginning,layer2.1.bn1,128,0.0,0.0,,0.0,0.0,0.0,0.0,0.0,0.0,0.0,0.0,/content/drive/MyDrive/Colab_Notebooks/results/training/plots/bias_beginning_layer2_1_bn1.png
weights,beginning,layer2.1.conv2,147456,-0.19341224,0.1870845,6.819684017500549e-07,9.313225746154785e-10,0.001522931,5.9026534e-06,0.010519615,4.1096988e-05,0.0,0.0,0.0,/content/drive/MyDrive/Colab_Notebooks/results/training/plots/weights_beginning_layer2_1_conv2.png
weights,beginning,layer2.1.bn2,128,1.0,1.0,1.0,0.0,0.007874016,3.051851e-05,0.0,0.0,0.0,0.0,0.0,/content/drive/MyDrive/Colab_Notebooks/results/training/plots/weights_beginning_layer2_1_bn2.png
bias,beginning,layer2.1.bn2,128,0.0,0.0,,0.0,0.0,0.0,0.0,0.0,0.0,0.0,0.0,/content/drive/MyDrive/Colab_Notebooks/results/training/plots/bias_beginning_layer2_1_bn2.png
weights,beginning,layer3.0.conv1,294912,-0.14000086,0.13514838,1.2873587706963008e-07,1.1641532182693481e-10,0.001102369,4.272618e-06,0.010767877,4.17618e-05,0.0,0.0,0.0,/content/drive/MyDrive/Colab_Notebooks/results/training/plots/weights_beginning_layer3_0_conv1.png
weights,beginning,layer3.0.bn1,256,1.0,1.0,1.0,0.0,0.007874016,3.051851e-05,0.0,0.0,0.0,0.0,0.0,/content/drive/MyDrive/Colab_Notebooks/results/training/plots/weights_beginning_layer3_0_bn1.png
bias,beginning,layer3.0.bn1,256,0.0,0.0,,0.0,0.0,0.0,0.0,0.0,0.0,0.0,0.0,/content/drive/MyDrive/Colab_Notebooks/results/training/plots/bias_beginning_layer3_0_bn1.png
weights,beginning,layer3.0.conv2,589824,-0.13339396,0.14357543,7.761876474887686e-08,9.313225746154785e-10,0.0011305152,4.381708e-06,0.011066189,4.2779466e-05,0.0,0.0,0.0,/content/drive/MyDrive/Colab_Notebooks/results/training/plots/weights_beginning_layer3_0_conv2.png
weights,beginning,layer3.0.bn2,256,1.0,1.0,1.0,0.0,0.007874016,3.051851e-05,0.0,0.0,0.0,0.0,0.0,/content/drive/MyDrive/Colab_Notebooks/results/training/plots/weights_beginning_layer3_0_bn2.png
bias,beginning,layer3.0.bn2,256,0.0,0.0,,0.0,0.0,0.0,0.0,0.0,0.0,0.0,0.0,/content/drive/MyDrive/Colab_Notebooks/results/training/plots/bias_beginning_layer3_0_bn2.png
weights,beginning,layer3.0.downsample.0,32768,-0.37604788,0.3630136,1.3891561820855713e-06,7.566995918750763e-10,0.002961007,1.1476421e-05,0.009662279,3.7392478e-05,0.0,0.0,0.0,/content/drive/MyDrive/Colab_Notebooks/results/training/plots/weights_beginning_layer3_0_downsample_0.png
weights,beginning,layer3.0.downsample.1,256,1.0,1.0,1.0,0.0,0.007874016,3.051851e-05,0.0,0.0,0.0,0.0,0.0,/content/drive/MyDrive/Colab_Notebooks/results/training/plots/weights_beginning_layer3_0_downsample_1.png
bias,beginning,layer3.0.downsample.1,256,0.0,0.0,,0.0,0.0,0.0,0.0,0.0,0.0,0.0,0.0,/content/drive/MyDrive/Colab_Notebooks/results/training/plots/bias_beginning_layer3_0_downsample_1.png
weights,beginning,layer3.1.conv1,589824,-0.14685544,0.12791099,1.198478472019815e-08,4.656612873077393e-10,0.0011563421,4.4818094e-06,0.011401554,4.415727e-05,0.0,0.0,0.0,/content/drive/MyDrive/Colab_Notebooks/results/training/plots/weights_beginning_layer3_1_conv1.png
weights,beginning,layer3.1.bn1,256,1.0,1.0,1.0,0.0,0.007874016,3.051851e-05,0.0,0.0,0.0,0.0,0.0,/content/drive/MyDrive/Colab_Notebooks/results/training/plots/weights_beginning_layer3_1_bn1.png
bias,beginning,layer3.1.bn1,256,0.0,0.0,,0.0,0.0,0.0,0.0,0.0,0.0,0.0,0.0,/content/drive/MyDrive/Colab_Notebooks/results/training/plots/bias_beginning_layer3_1_bn1.png
weights,beginning,layer3.1.conv2,589824,-0.14726956,0.1464479,4.573537992769161e-08,3.4924596548080444e-10,0.0011596029,4.4944477e-06,0.011341673,4.4081702e-05,0.0,0.0,0.0,/content/drive/MyDrive/Colab_Notebooks/results/training/plots/weights_beginning_layer3_1_conv2.png
weights,beginning,layer3.1.bn2,256,1.0,1.0,1.0,0.0,0.007874016,3.051851e-05,0.0,0.0,0.0,0.0,0.0,/content/drive/MyDrive/Colab_Notebooks/results/training/plots/weights_beginning_layer3_1_bn2.png
bias,beginning,layer3.1.bn2,256,0.0,0.0,,0.0,0.0,0.0,0.0,0.0,0.0,0.0,0.0,/content/drive/MyDrive/Colab_Notebooks/results/training/plots/bias_beginning_layer3_1_bn2.png
weights,beginning,layer4.0.conv1,1179648,-0.09605555,0.10710469,1.186225162541632e-08,9.313225746154785e-10,0.000843344,3.2686755e-06,0.011627255,4.501152e-05,0.0,0.0,0.0,/content/drive/MyDrive/Colab_Notebooks/results/training/plots/weights_beginning_layer4_0_conv1.png
weights,beginning,layer4.0.bn1,512,1.0,1.0,1.0,0.0,0.007874016,3.051851e-05,0.0,0.0,0.0,0.0,0.0,/content/drive/MyDrive/Colab_Notebooks/results/training/plots/weights_beginning_layer4_0_bn1.png
bias,beginning,layer4.0.bn1,512,0.0,0.0,,0.0,0.0,0.0,0.0,0.0,0.0,0.0,0.0,/content/drive/MyDrive/Colab_Notebooks/results/training/plots/bias_beginning_layer4_0_bn1.png
weights,beginning,layer4.0.conv2,2359296,-0.1027406,0.098458044,3.3171460245284834e-08,9.313225746154785e-10,0.00080898113,3.13549e-06,0.011242007,4.3241882e-05,0.0,0.0,0.0,/content/drive/MyDrive/Colab_Notebooks/results/training/plots/weights_beginning_layer4_0_conv2.png
weights,beginning,layer4.0.bn2,512,1.0,1.0,1.0,0.0,0.007874016,3.051851e-05,0.0,0.0,0.0,0.0,0.0,/content/drive/MyDrive/Colab_Notebooks/results/training/plots/weights_beginning_layer4_0_bn2.png
bias,beginning,layer4.0.bn2,512,0.0,0.0,,0.0,0.0,0.0,0.0,0.0,0.0,0.0,0.0,/content/drive/MyDrive/Colab_Notebooks/results/training/plots/bias_beginning_layer4_0_bn2.png
weights,beginning,layer4.0.downsample.0,131072,-0.26195356,0.28727275,2.7246895228927315e-07,9.313225746154785e-10,0.0022619902,8.767136e-06,0.010483748,4.0540366e-05,0.0,0.0,0.0,/content/drive/MyDrive/Colab_Notebooks/results/training/plots/weights_beginning_layer4_0_downsample_0.png
weights,beginning,layer4.0.downsample.1,512,1.0,1.0,1.0,0.0,0.007874016,3.051851e-05,0.0,0.0,0.0,0.0,0.0,/content/drive/MyDrive/Colab_Notebooks/results/training/plots/weights_beginning_layer4_0_downsample_1.png
bias,beginning,layer4.0.downsample.1,512,0.0,0.0,,0.0,0.0,0.0,0.0,0.0,0.0,0.0,0.0,/content/drive/MyDrive/Colab_Notebooks/results/training/plots/bias_beginning_layer4_0_downsample_1.png
weights,beginning,layer4.1.conv1,2359296,-0.110983334,0.098204456,1.5783029994054232e-08,4.656612873077393e-10,0.00087388454,3.387046e-06,0.012075489,4.7061647e-05,0.0,0.0,0.0,/content/drive/MyDrive/Colab_Notebooks/results/training/plots/weights_beginning_layer4_1_conv1.png
weights,beginning,layer4.1.bn1,512,1.0,1.0,1.0,0.0,0.007874016,3.051851e-05,0.0,0.0,0.0,0.0,0.0,/content/drive/MyDrive/Colab_Notebooks/results/training/plots/weights_beginning_layer4_1_bn1.png
bias,beginning,layer4.1.bn1,512,0.0,0.0,,0.0,0.0,0.0,0.0,0.0,0.0,0.0,0.0,/content/drive/MyDrive/Colab_Notebooks/results/training/plots/bias_beginning_layer4_1_bn1.png
weights,beginning,layer4.1.conv2,2359296,-0.097543135,0.10351585,1.5326880875576876e-09,4.656612873077393e-10,0.0008150854,3.1591494e-06,0.011192609,4.3625583e-05,0.0,0.0,0.0,/content/drive/MyDrive/Colab_Notebooks/results/training/plots/weights_beginning_layer4_1_conv2.png
weights,beginning,layer4.1.bn2,512,1.0,1.0,1.0,0.0,0.007874016,3.051851e-05,0.0,0.0,0.0,0.0,0.0,/content/drive/MyDrive/Colab_Notebooks/results/training/plots/weights_beginning_layer4_1_bn2.png
bias,beginning,layer4.1.bn2,512,0.0,0.0,,0.0,0.0,0.0,0.0,0.0,0.0,0.0,0.0,/content/drive/MyDrive/Colab_Notebooks/results/training/plots/bias_beginning_layer4_1_bn2.png
weights,beginning,fc,5120,-0.04418339,0.044192072,7.17550074114115e-06,7.450580596923828e-09,0.00034796906,1.3486762e-06,0.003941959,1.5163314e-05,0.0,0.0,0.0,/content/drive/MyDrive/Colab_Notebooks/results/training/plots/weights_beginning_fc.png
bias,beginning,fc,10,-0.042380035,0.035563175,0.0005576396943069994,0.0011393018066883087,0.00033370106,1.2933755e-06,0.0032909685,1.4734412e-05,0.0,0.0,0.0,/content/drive/MyDrive/Colab_Notebooks/results/training/plots/bias_beginning_fc.png
inputs,end,model_input,153600000,-1.9894737,2.1308641,0.0006294054328463972,1.5348196029663086e-05,0.016778458,6.50308e-05,0.004996804,1.93654e-05,0.0,0.0,0.0,/content/drive/MyDrive/Colab_Notebooks/results/training/plots/inputs_end_model_input.png
activations,end,conv1,3276800000,-38.233902,44.64521,6.35203001309037e-11,7.450580596923828e-09,0.35153708,0.0013625053,0.16115728,0.0006273226,0.0,0.0,0.0,/content/drive/MyDrive/Colab_Notebooks/results/training/plots/activations_end_conv1.png
activations,end,bn1,3276800000,-10.373346,9.508602,3.5568348266679095e-10,3.91155481338501e-08,0.081679896,0.00031657907,0.021432888,8.2736165e-05,0.0,0.0,0.0,/content/drive/MyDrive/Colab_Notebooks/results/training/plots/activations_end_bn1.png
activations,end,relu,3276800000,0.0,9.508602,1.3144015875710124e-09,3.91155481338501e-08,0.074870884,0.00029018836,0.019280965,7.4743555e-05,0.0,0.0,0.0,/content/drive/MyDrive/Colab_Notebooks/results/training/plots/activations_end_relu.png
activations,end,maxpool,3276800000,0.0,9.508602,1.3144015875710124e-09,3.91155481338501e-08,0.074870884,0.00029018836,0.019280965,7.4743555e-05,0.0,0.0,0.0,/content/drive/MyDrive/Colab_Notebooks/results/training/plots/activations_end_maxpool.png
activations,end,layer1.0.conv1,3276800000,-106.888596,69.11677,3.725290298461914e-09,7.450580596923828e-09,0.8416425,0.0032620807,0.2231993,0.00085818616,0.0,0.0,0.0,/content/drive/MyDrive/Colab_Notebooks/results/training/plots/activations_end_layer1_0_conv1.png
activations,end,layer1.0.bn1,3276800000,-11.777792,12.646356,1.5692469546024768e-10,7.450580596923828e-09,0.099577606,0.00038594793,0.02732162,0.000105119834,0.0,0.0,0.0,/content/drive/MyDrive/Colab_Notebooks/results/training/plots/activations_end_layer1_0_bn1.png
activations,end,layer1.0.relu,6553600000,0.0,19.910496,1.5692469546024768e-10,7.450580596923828e-09,0.15677556,0.0006076387,0.04235153,0.00016365376,0.0,0.0,0.0,/content/drive/MyDrive/Colab_Notebooks/results/training/plots/activations_end_layer1_0_relu.png
activations,end,layer1.0.conv2,3276800000,-64.098526,52.361656,9.313225746154785e-10,2.9802322387695312e-08,0.5047128,0.0019561914,0.14477625,0.000561803,0.0,0.0,0.0,/content/drive/MyDrive/Colab_Notebooks/results/training/plots/activations_end_layer1_0_conv2.png
activations,end,layer1.0.bn2,3276800000,-13.820507,15.42141,1.108675817818039e-09,2.9802322387695312e-08,0.12142842,0.00047063845,0.034052707,0.00013187563,0.0,0.0,0.0,/content/drive/MyDrive/Colab_Notebooks/results/training/plots/activations_end_layer1_0_bn2.png
activations,end,layer1.1.conv1,3276800000,-58.08488,102.7101,1.862645149230957e-09,2.9802322387695312e-08,0.8087409,0.0031345591,0.1388761,0.0005369769,0.0,0.0,0.0,/content/drive/MyDrive/Colab_Notebooks/results/training/plots/activations_end_layer1_1_conv1.png
activations,end,layer1.1.bn1,3276800000,-16.427849,16.837185,1.495639168069829e-10,1.4901161193847656e-08,0.13257626,0.00051384576,0.038847584,0.000150846,0.0,0.0,0.0,/content/drive/MyDrive/Colab_Notebooks/results/training/plots/activations_end_layer1_1_bn1.png
activations,end,layer1.1.relu,6553600000,0.0,31.654186,1.495639168069829e-10,2.9802322387695312e-08,0.24924555,0.00096603855,0.07690611,0.00029813533,0.0,0.0,0.0,/content/drive/MyDrive/Colab_Notebooks/results/training/plots/activations_end_layer1_1_relu.png
activations,end,layer1.1.conv2,3276800000,-37.963577,83.761284,9.313225746154785e-10,7.450580596923828e-09,0.6595377,0.0025562695,0.20724075,0.000802456,0.0,0.0,0.0,/content/drive/MyDrive/Colab_Notebooks/results/training/plots/activations_end_layer1_1_conv2.png
activations,end,layer1.1.bn2,3276800000,-17.33148,17.79296,4.781113283058858e-10,2.9802322387695312e-08,0.14010204,0.0005430146,0.043301053,0.0001684664,0.0,0.0,0.0,/content/drive/MyDrive/Colab_Notebooks/results/training/plots/activations_end_layer1_1_bn2.png
activations,end,layer2.0.conv1,1638400000,-68.32949,142.67215,5.24789101064016e-11,1.4901161193847656e-08,1.1234027,0.004354141,0.23638216,0.000915703,0.0,0.0,0.0,/content/drive/MyDrive/Colab_Notebooks/results/training/plots/activations_end_layer2_0_conv1.png
activations,end,layer2.0.bn1,1638400000,-17.17135,18.323807,1.6834521276987147e-10,1.4901161193847656e-08,0.14428194,0.00055921526,0.042606827,0.00016463612,0.0,0.0,0.0,/content/drive/MyDrive/Colab_Notebooks/results/training/plots/activations_end_layer2_0_bn1.png
activations,end,layer2.0.relu,3276800000,0.0,37.485497,1.6834521276987147e-10,2.9802322387695312e-08,0.2951614,0.0011440015,0.087276064,0.00033834708,0.0,0.0,0.0,/content/drive/MyDrive/Colab_Notebooks/results/training/plots/activations_end_layer2_0_relu.png
activations,end,layer2.0.conv2,1638400000,-97.86326,137.87067,3.725290298461914e-09,2.9802322387695312e-08,1.0855958,0.0042076074,0.30452752,0.0011718413,0.0,0.0,0.0,/content/drive/MyDrive/Colab_Notebooks/results/training/plots/activations_end_layer2_0_conv2.png
activations,end,layer2.0.bn2,1638400000,-22.162035,22.825264,4.527267893905673e-09,7.450580596923828e-09,0.17972648,0.000696593,0.052412968,0.00020379378,0.0,0.0,0.0,/content/drive/MyDrive/Colab_Notebooks/results/training/plots/activations_end_layer2_0_bn2.png
activations,end,layer2.0.downsample.0,1638400000,-30.712858,30.15407,5.194145114018056e-11,2.9802322387695312e-08,0.24183352,0.00093731063,0.04652538,0.00017989389,0.0,0.0,0.0,/content/drive/MyDrive/Colab_Notebooks/results/training/plots/activations_end_layer2_0_downsample_0.png
activations,end,layer2.0.downsample.1,1638400000,-17.571636,18.542067,4.1584069521150013e-10,1.30385160446167e-08,0.14600052,0.00056587625,0.043139786,0.00016756859,0.0,0.0,0.0,/content/drive/MyDrive/Colab_Notebooks/results/training/plots/activations_end_layer2_0_downsample_1.png
activations,end,layer2.1.conv1,1638400000,-196.97054,152.26872,7.450580596923828e-09,2.9802322387695312e-08,1.5509491,0.006011247,0.34288025,0.0013238081,0.0,0.0,0.0,/content/drive/MyDrive/Colab_Notebooks/results/training/plots/activations_end_layer2_1_conv1.png
activations,end,layer2.1.bn1,1638400000,-23.411781,24.047722,3.889275568269568e-10,1.7695128917694092e-08,0.18935214,0.00073390064,0.05650133,0.00021851264,0.0,0.0,0.0,/content/drive/MyDrive/Colab_Notebooks/results/training/plots/activations_end_layer2_1_bn1.png
activations,end,layer2.1.relu,3276800000,0.0,61.459038,1.3063078396768901e-09,1.7695128917694092e-08,0.48392943,0.0018756383,0.14190656,0.0005518433,0.0,0.0,0.0,/content/drive/MyDrive/Colab_Notebooks/results/training/plots/activations_end_layer2_1_relu.png
activations,end,layer2.1.conv2,1638400000,-128.80176,106.6603,2.7939677238464355e-09,2.9802322387695312e-08,1.0141871,0.003930838,0.3096898,0.001196394,0.0,0.0,0.0,/content/drive/MyDrive/Colab_Notebooks/results/training/plots/activations_end_layer2_1_conv2.png
activations,end,layer2.1.bn2,1638400000,-25.443691,26.028929,2.4952317989601625e-10,5.587935447692871e-09,0.2049522,0.0007943641,0.061263964,0.00023848336,0.0,0.0,0.0,/content/drive/MyDrive/Colab_Notebooks/results/training/plots/activations_end_layer2_1_bn2.png
activations,end,layer3.0.conv1,819200000,-187.74811,300.85306,1.9673085382976296e-10,1.4901161193847656e-08,2.3689218,0.009181587,0.534612,0.0021161488,0.0,0.0,0.0,/content/drive/MyDrive/Colab_Notebooks/results/training/plots/activations_end_layer3_0_conv1.png
activations,end,layer3.0.bn1,819200000,-26.220863,27.223713,8.471759960215763e-10,2.9802322387695312e-08,0.21435994,0.00083082716,0.060739215,0.00023734242,0.0,0.0,0.0,/content/drive/MyDrive/Colab_Notebooks/results/training/plots/activations_end_layer3_0_bn1.png
activations,end,layer3.0.relu,1638400000,0.0,50.110622,8.471759960215763e-10,4.470348358154297e-08,0.39457184,0.0015293015,0.11386978,0.0004422244,0.0,0.0,0.0,/content/drive/MyDrive/Colab_Notebooks/results/training/plots/activations_end_layer3_0_relu.png
activations,end,layer3.0.conv2,819200000,-136.88054,217.85785,3.725290298461914e-09,1.4901161193847656e-08,1.7154162,0.006648697,0.5259962,0.0020652781,0.0,0.0,0.0,/content/drive/MyDrive/Colab_Notebooks/results/training/plots/activations_end_layer3_0_conv2.png
activations,end,layer3.0.bn2,819200000,-32.652626,29.5413,2.6265745134423923e-10,3.725290298461914e-09,0.2571073,0.0009965095,0.07554484,0.00029227644,0.0,0.0,0.0,/content/drive/MyDrive/Colab_Notebooks/results/training/plots/activations_end_layer3_0_bn2.png
activations,end,layer3.0.downsample.0,819200000,-83.15288,83.93505,7.618023989408584e-10,2.9802322387695312e-08,0.6609059,0.0025615727,0.15192537,0.0005876376,0.0,0.0,0.0,/content/drive/MyDrive/Colab_Notebooks/results/training/plots/activations_end_layer3_0_downsample_0.png
activations,end,layer3.0.downsample.1,819200000,-26.28416,28.41642,2.3969470852591712e-09,2.9802322387695312e-08,0.22375134,0.0008672268,0.06409368,0.00024803358,0.0,0.0,0.0,/content/drive/MyDrive/Colab_Notebooks/results/training/plots/activations_end_layer3_0_downsample_1.png
activations,end,layer3.1.conv1,819200000,-185.96039,254.90086,9.313225746154785e-10,5.960464477539063e-08,2.0070934,0.0077791945,0.43366095,0.0016943762,0.0,0.0,0.0,/content/drive/MyDrive/Colab_Notebooks/results/training/plots/activations_end_layer3_1_conv1.png
activations,end,layer3.1.bn1,819200000,-33.719406,36.187347,1.782261005445207e-10,1.4901161193847656e-08,0.28493974,0.001104384,0.08464836,0.00032886755,0.0,0.0,0.0,/content/drive/MyDrive/Colab_Notebooks/results/training/plots/activations_end_layer3_1_bn1.png
activations,end,layer3.1.relu,1638400000,0.0,73.45096,1.782261005445207e-10,1.4901161193847656e-08,0.578354,0.0022416138,0.17184846,0.00066555466,0.0,0.0,0.0,/content/drive/MyDrive/Colab_Notebooks/results/training/plots/activations_end_layer3_1_relu.png
activations,end,layer3.1.conv2,819200000,-259.7968,215.30467,9.313225746154785e-10,2.9802322387695312e-08,2.0456443,0.007928612,0.6341411,0.002548041,0.0,0.0,0.0,/content/drive/MyDrive/Colab_Notebooks/results/training/plots/activations_end_layer3_1_conv2.png
activations,end,layer3.1.bn2,819200000,-37.52987,45.767593,4.261891950463337e-10,2.9336661100387573e-08,0.36037475,0.0013967587,0.106305,0.00041196335,0.0,0.0,0.0,/content/drive/MyDrive/Colab_Notebooks/results/training/plots/activations_end_layer3_1_bn2.png
activations,end,layer4.0.conv1,409600000,-375.12863,499.47287,1.246853731373676e-09,7.450580596923828e-09,3.9328573,0.015243167,0.7908224,0.0035735012,0.0,0.0,0.0,/content/drive/MyDrive/Colab_Notebooks/results/training/plots/activations_end_layer4_0_conv1.png
activations,end,layer4.0.bn1,409600000,-38.95307,40.79391,4.373286732750614e-10,1.4901161193847656e-08,0.3212119,0.0012449693,0.09000004,0.00034847236,0.0,0.0,0.0,/content/drive/MyDrive/Colab_Notebooks/results/training/plots/activations_end_layer4_0_bn1.png
activations,end,layer4.0.relu,819200000,0.0,59.30817,4.373286732750614e-10,2.9802322387695312e-08,0.46699348,0.0018099969,0.13029465,0.00050504814,0.0,0.0,0.0,/content/drive/MyDrive/Colab_Notebooks/results/training/plots/activations_end_layer4_0_relu.png
activations,end,layer4.0.conv2,409600000,-771.32465,432.08606,1.862645149230957e-09,1.4901161193847656e-08,6.0734224,0.02353968,0.99318236,0.0077442923,0.0,0.0,0.0,/content/drive/MyDrive/Colab_Notebooks/results/training/plots/activations_end_layer4_0_conv2.png
activations,end,layer4.0.bn2,409600000,-35.324463,38.099777,1.1862582027788449e-09,2.9802322387695312e-08,0.29999825,0.0011627484,0.08506777,0.00032808958,0.0,0.0,0.0,/content/drive/MyDrive/Colab_Notebooks/results/training/plots/activations_end_layer4_0_bn2.png
activations,end,layer4.0.downsample.0,409600000,-310.83224,198.13922,1.9606858359111357e-09,7.450580596923828e-09,2.447498,0.009486137,0.5293534,0.0020810296,0.0,0.0,0.0,/content/drive/MyDrive/Colab_Notebooks/results/training/plots/activations_end_layer4_0_downsample_0.png
activations,end,layer4.0.downsample.1,409600000,-38.212658,37.93603,2.1449739762147146e-09,2.2351741790771484e-08,0.30088708,0.0011661934,0.08631188,0.0003329919,0.0,0.0,0.0,/content/drive/MyDrive/Colab_Notebooks/results/training/plots/activations_end_layer4_0_downsample_1.png
activations,end,layer4.1.conv1,409600000,-68.4152,137.32004,9.313225746154785e-10,2.9802322387695312e-08,1.0812601,0.004190803,0.2590078,0.0010023002,0.0,0.0,0.0,/content/drive/MyDrive/Colab_Notebooks/results/training/plots/activations_end_layer4_1_conv1.png
activations,end,layer4.1.bn1,409600000,-50.671387,57.18711,1.8605825768958084e-09,2.2351741790771484e-08,0.4502922,0.0017452654,0.12923303,0.0005020359,0.0,0.0,0.0,/content/drive/MyDrive/Colab_Notebooks/results/training/plots/activations_end_layer4_1_bn1.png
activations,end,layer4.1.relu,819200000,0.0,78.36428,7.66124941264934e-10,2.2351741790771484e-08,0.6170416,0.002391561,0.17853703,0.000688321,0.0,0.0,0.0,/content/drive/MyDrive/Colab_Notebooks/results/training/plots/activations_end_layer4_1_relu.png
activations,end,layer4.1.conv2,409600000,-738.3352,541.8568,7.450580596923828e-09,1.4901161193847656e-08,5.813663,0.02253289,0.99077785,0.007389421,0.0,0.0,0.0,/content/drive/MyDrive/Colab_Notebooks/results/training/plots/activations_end_layer4_1_conv2.png
activations,end,layer4.1.bn2,409600000,-55.81103,55.71201,5.875602226979026e-10,7.450580596923828e-09,0.43945694,0.0017032695,0.12634599,0.0004896894,0.0,0.0,0.0,/content/drive/MyDrive/Colab_Notebooks/results/training/plots/activations_end_layer4_1_bn2.png
activations,end,avgpool,25600000,0.0,44.198112,3.744666798866092e-10,2.9802322387695312e-08,0.34801662,0.0013488606,0.121276885,0.0004718191,0.0,0.0,0.0,/content/drive/MyDrive/Colab_Notebooks/results/training/plots/activations_end_avgpool.png
activations,end,fc,500000,-574.82623,301.99606,5.811452865600586e-07,2.9802322387695312e-08,4.5261908,0.017542839,0.6755665,0.0031793446,0.0,0.0,0.0,/content/drive/MyDrive/Colab_Notebooks/results/training/plots/activations_end_fc.png
gradients,end,conv1,169344,-1.4885947,0.8795203,2.333763404749334e-09,7.275957614183426e-12,0.011721218,4.542969e-05,0.056754973,0.00022462041,0.0,0.0,0.0,/content/drive/MyDrive/Colab_Notebooks/results/training/plots/gradients_end_conv1.png
gradients,end,bn1,12544,-0.3234401,0.3832286,3.6184314922138583e-07,5.820766091346741e-11,0.003017548,1.1695565e-05,0.056301508,0.00023261645,0.0,0.0,0.0,/content/drive/MyDrive/Colab_Notebooks/results/training/plots/gradients_end_bn1.png
gradients,end,layer1.0.conv1,3612672,-0.6240727,0.51283723,4.8970605348586105e-11,1.1641532182693481e-10,0.0049139583,1.9045769e-05,0.40533817,0.0015921695,0.0,0.0,0.0,/content/drive/MyDrive/Colab_Notebooks/results/training/plots/gradients_end_layer1_0_conv1.png
gradients,end,layer1.0.bn1,12544,-0.2638579,0.17448488,5.521295420862771e-08,1.4551915228366852e-11,0.0020776212,8.05255e-06,0.050646085,0.00021451466,0.0,0.0,0.0,/content/drive/MyDrive/Colab_Notebooks/results/training/plots/gradients_end_layer1_0_bn1.png
gradients,end,layer1.0.conv2,3612672,-0.13856626,0.25111833,6.912159733474255e-11,1.1641532182693481e-10,0.0019773098,7.663757e-06,0.20473514,0.0007925106,0.0,0.0,0.0,/content/drive/MyDrive/Colab_Notebooks/results/training/plots/gradients_end_layer1_0_conv2.png
gradients,end,layer1.0.bn2,12544,-0.10728469,0.15414684,5.657784640789032e-08,3.637978807091713e-11,0.0012137546,4.704332e-06,0.049162794,0.00019717135,0.0,0.0,0.0,/content/drive/MyDrive/Colab_Notebooks/results/training/plots/gradients_end_layer1_0_bn2.png
gradients,end,layer1.1.conv1,3612672,-0.1421708,0.17497611,1.227817847393453e-10,5.820766091346741e-11,0.0013777646,5.34001e-06,0.18275762,0.00071076927,0.0,0.0,0.0,/content/drive/MyDrive/Colab_Notebooks/results/training/plots/gradients_end_layer1_1_conv1.png
gradients,end,layer1.1.bn1,12544,-0.0764481,0.083482824,1.1281869660706434e-08,5.820766091346741e-11,0.00065734505,2.5477714e-06,0.041910484,0.00016526932,0.0,0.0,0.0,/content/drive/MyDrive/Colab_Notebooks/results/training/plots/gradients_end_layer1_1_bn1.png
gradients,end,layer1.1.conv2,3612672,-0.07940119,0.09525483,4.638422979041934e-11,5.820766091346741e-11,0.000750038,2.9070354e-06,0.12647502,0.00049019663,0.0,0.0,0.0,/content/drive/MyDrive/Colab_Notebooks/results/training/plots/gradients_end_layer1_1_conv2.png
gradients,end,layer1.1.bn2,12544,-0.054009683,0.055524785,6.775371730327606e-08,8.731149137020111e-11,0.00043720304,1.6945337e-06,0.04250968,0.00016417471,0.0,0.0,0.0,/content/drive/MyDrive/Colab_Notebooks/results/training/plots/gradients_end_layer1_1_bn2.png
gradients,end,layer2.0.conv1,7225344,-0.052750114,0.058282938,3.637978807091713e-12,5.820766091346741e-11,0.00045892078,1.7787083e-06,0.07978857,0.00031076907,0.0,0.0,0.0,/content/drive/MyDrive/Colab_Notebooks/results/training/plots/gradients_end_layer2_0_conv1.png
gradients,end,layer2.0.bn1,25088,-0.02328761,0.034308963,8.440110832452774e-09,3.637978807091713e-12,0.00027014932,1.0470584e-06,0.048873477,0.00019199486,0.0,0.0,0.0,/content/drive/MyDrive/Colab_Notebooks/results/training/plots/gradients_end_layer2_0_bn1.png
gradients,end,layer2.0.conv2,14450688,-0.030172177,0.03342106,2.7284841053187847e-12,1.4551915228366852e-11,0.00026315794,1.0199609e-06,0.079201,0.00030654093,0.0,0.0,0.0,/content/drive/MyDrive/Colab_Notebooks/results/training/plots/gradients_end_layer2_0_conv2.png
gradients,end,layer2.0.bn2,25088,-0.019637194,0.0429911,6.087200521420755e-09,1.4551915228366852e-11,0.00033851262,1.3120243e-06,0.052571025,0.00020485639,0.0,0.0,0.0,/content/drive/MyDrive/Colab_Notebooks/results/training/plots/gradients_end_layer2_0_bn2.png
gradients,end,layer2.0.downsample.0,802816,-0.06252169,0.061622106,4.4792614062316716e-10,2.9103830456733704e-11,0.00049229676,1.9080687e-06,0.09922277,0.00038360208,0.0,0.0,0.0,/content/drive/MyDrive/Colab_Notebooks/results/training/plots/gradients_end_layer2_0_downsample_0.png
gradients,end,layer2.0.downsample.1,25088,-0.016354851,0.0429911,1.7061635659842977e-08,7.275957614183426e-12,0.00033851262,1.3120243e-06,0.051544257,0.00020067715,0.0,0.0,0.0,/content/drive/MyDrive/Colab_Notebooks/results/training/plots/gradients_end_layer2_0_downsample_1.png
gradients,end,layer2.1.conv1,14450688,-0.030501256,0.031570602,1.2278178473934531e-11,2.9103830456733704e-11,0.00024858743,9.634878e-07,0.08027079,0.0003090105,0.0,0.0,0.0,/content/drive/MyDrive/Colab_Notebooks/results/training/plots/gradients_end_layer2_1_conv1.png
gradients,end,layer2.1.bn1,25088,-0.015659083,0.032373894,5.673427949659526e-09,7.275957614183426e-12,0.00025491256,9.88003e-07,0.049077123,0.00019189653,0.0,0.0,0.0,/content/drive/MyDrive/Colab_Notebooks/results/training/plots/gradients_end_layer2_1_bn1.png
gradients,end,layer2.1.conv2,14450688,-0.03575428,0.025909275,9.094947017729282e-13,1.4551915228366852e-11,0.00028152976,1.0911673e-06,0.109022304,0.00042458772,0.0,0.0,0.0,/content/drive/MyDrive/Colab_Notebooks/results/training/plots/gradients_end_layer2_1_conv2.png
gradients,end,layer2.1.bn2,25088,-0.017961044,0.020497225,2.5174813345074654e-09,1.4551915228366852e-11,0.00016139548,6.2554477e-07,0.034740966,0.00013407627,0.0,0.0,0.0,/content/drive/MyDrive/Colab_Notebooks/results/training/plots/gradients_end_layer2_1_bn2.png
gradients,end,layer3.0.conv1,28901376,-0.030652476,0.016705954,2.6423307986078726e-13,1.0913936421275139e-11,0.00024135808,9.354679e-07,0.09664159,0.0003748136,0.0,0.0,0.0,/content/drive/MyDrive/Colab_Notebooks/results/training/plots/gradients_end_layer3_0_conv1.png
gradients,end,layer3.0.bn1,50176,-0.011449692,0.017140739,1.3387762010097504e-09,9.094947017729282e-13,0.00013496645,5.231098e-07,0.037350636,0.00014668793,0.0,0.0,0.0,/content/drive/MyDrive/Colab_Notebooks/results/training/plots/gradients_end_layer3_0_bn1.png
gradients,end,layer3.0.conv2,57802752,-0.017121255,0.014507681,6.821210263296962e-13,1.4551915228366852e-11,0.00013481303,5.225152e-07,0.08944684,0.00034595843,0.0,0.0,0.0,/content/drive/MyDrive/Colab_Notebooks/results/training/plots/gradients_end_layer3_0_conv2.png
gradients,end,layer3.0.bn2,50176,-0.012170841,0.025179606,4.132251874011672e-09,1.4551915228366852e-11,0.00019826462,7.6844407e-07,0.038593516,0.00014970235,0.0,0.0,0.0,/content/drive/MyDrive/Colab_Notebooks/results/training/plots/gradients_end_layer3_0_bn2.png
gradients,end,layer3.0.downsample.0,3211264,-0.029273335,0.037242617,7.247535904753022e-13,1.0913936421275139e-11,0.00029324894,1.1365892e-06,0.1274895,0.00049406715,0.0,0.0,0.0,/content/drive/MyDrive/Colab_Notebooks/results/training/plots/gradients_end_layer3_0_downsample_0.png
gradients,end,layer3.0.downsample.1,50176,-0.011843281,0.03293629,6.177596389989048e-08,7.275957614183426e-12,0.00025934086,1.0051665e-06,0.04850863,0.00018803701,0.0,0.0,0.0,/content/drive/MyDrive/Colab_Notebooks/results/training/plots/gradients_end_layer3_0_downsample_1.png
gradients,end,layer3.1.conv1,57802752,-0.018748606,0.014508667,1.3642420526593924e-12,7.275957614183426e-12,0.00014762682,5.721795e-07,0.09892935,0.00038403049,0.0,0.0,0.0,/content/drive/MyDrive/Colab_Notebooks/results/training/plots/gradients_end_layer3_1_conv1.png
gradients,end,layer3.1.bn1,50176,-0.010686402,0.022554953,3.50435375162661e-10,1.4551915228366852e-11,0.00017759805,6.8834356e-07,0.04480396,0.00017657751,0.0,0.0,0.0,/content/drive/MyDrive/Colab_Notebooks/results/training/plots/gradients_end_layer3_1_bn1.png
gradients,end,layer3.1.conv2,57802752,-0.015798995,0.022820083,1.0231815394945443e-12,1.4551915228366852e-11,0.0001796857,6.9643494e-07,0.12530224,0.00048513545,0.0,0.0,0.0,/content/drive/MyDrive/Colab_Notebooks/results/training/plots/gradients_end_layer3_1_conv2.png
gradients,end,layer3.1.bn2,50176,-0.01416284,0.017960759,8.127951645064968e-09,3.865352482534945e-12,0.0001414233,5.481356e-07,0.03251566,0.00012652304,0.0,0.0,0.0,/content/drive/MyDrive/Colab_Notebooks/results/training/plots/gradients_end_layer3_1_bn2.png
gradients,end,layer4.0.conv1,115605504,-0.013264768,0.009538736,1.1368683772161603e-13,3.637978807091713e-12,0.00010444699,4.0482095e-07,0.08172375,0.00031633902,0.0,0.0,0.0,/content/drive/MyDrive/Colab_Notebooks/results/training/plots/gradients_end_layer4_0_conv1.png
gradients,end,layer4.0.bn1,100352,-0.008090181,0.014929011,1.2243330793637597e-09,1.4551915228366852e-11,0.00011755127,4.5561117e-07,0.02897095,0.0001124289,0.0,0.0,0.0,/content/drive/MyDrive/Colab_Notebooks/results/training/plots/gradients_end_layer4_0_bn1.png
gradients,end,layer4.0.conv2,231211008,-0.010614652,0.026953856,1.4210854715202004e-14,7.275957614183426e-12,0.00021223509,8.225915e-07,0.25744233,0.0010005332,0.0,0.0,0.0,/content/drive/MyDrive/Colab_Notebooks/results/training/plots/gradients_end_layer4_0_conv2.png
gradients,end,layer4.0.bn2,100352,-0.056505732,0.037722494,1.289698459139288e-09,1.4551915228366852e-11,0.00044492702,1.7244707e-06,0.030294877,0.00011733885,0.0,0.0,0.0,/content/drive/MyDrive/Colab_Notebooks/results/training/plots/gradients_end_layer4_0_bn2.png
gradients,end,layer4.0.downsample.0,12845056,-0.046025246,0.088441305,1.4765966227514582e-13,1.8189894035458565e-12,0.00069638825,2.6990967e-06,0.45459315,0.0017734654,0.0,0.0,0.0,/content/drive/MyDrive/Colab_Notebooks/results/training/plots/gradients_end_layer4_0_downsample_0.png
gradients,end,layer4.0.downsample.1,100352,-0.056505732,0.037130162,3.0936462280806154e-09,1.4551915228366852e-11,0.00044492702,1.7244707e-06,0.029904071,0.000115789124,0.0,0.0,0.0,/content/drive/MyDrive/Colab_Notebooks/results/training/plots/gradients_end_layer4_0_downsample_1.png
gradients,end,layer4.1.conv1,231211008,-0.013577861,0.011850794,4.440892098500626e-16,1.4551915228366852e-11,0.00010691229,4.1437607e-07,0.13044994,0.0005041007,0.0,0.0,0.0,/content/drive/MyDrive/Colab_Notebooks/results/training/plots/gradients_end_layer4_1_conv1.png
gradients,end,layer4.1.bn1,100352,-0.010187867,0.010730527,2.240994945168495e-09,3.637978807091713e-12,8.449234e-05,3.274797e-07,0.019112915,7.411091e-05,0.0,0.0,0.0,/content/drive/MyDrive/Colab_Notebooks/results/training/plots/gradients_end_layer4_1_bn1.png
gradients,end,layer4.1.conv2,231211008,-0.0127219325,0.014435852,2.136241494314322e-30,3.637978807091713e-12,0.000113668124,4.4056068e-07,0.1468533,0.00056833273,0.0,0.0,0.0,/content/drive/MyDrive/Colab_Notebooks/results/training/plots/gradients_end_layer4_1_conv2.png
gradients,end,layer4.1.bn2,100352,-0.042372607,0.0613461,7.603068367539333e-27,5.820766091346741e-11,0.00048304014,1.8721915e-06,0.01925887,7.563694e-05,0.0,0.0,0.0,/content/drive/MyDrive/Colab_Notebooks/results/training/plots/gradients_end_layer4_1_bn2.png
gradients,end,fc,502740,-0.25771675,0.65114176,2.802596928649634e-45,9.313225746154785e-10,0.0051271003,1.9871875e-05,0.02190273,8.4970896e-05,0.0,0.0,0.0,/content/drive/MyDrive/Colab_Notebooks/results/training/plots/gradients_end_fc.png
weight_updates,end,conv1,169344,-0.088061586,0.16237414,7.450580596923828e-09,2.3283064365386963e-10,0.0012785365,4.955417e-06,0.035609737,0.00013775873,0.0,0.0,0.0,/content/drive/MyDrive/Colab_Notebooks/results/training/plots/weight_updates_end_conv1.png
weight_updates,end,bn1,6272,-0.035158575,0.032863855,1.1920928955078125e-07,5.960464477539063e-08,0.00027683916,1.0729873e-06,0.02370578,9.155493e-05,0.0,0.0,0.0,/content/drive/MyDrive/Colab_Notebooks/results/training/plots/weight_updates_end_bn1.png
weight_updates,end,layer1.0.conv1,3612672,-0.049003683,0.064097345,2.3283064365386963e-10,4.3655745685100555e-11,0.0005047035,1.9561555e-06,0.4157398,0.0016309452,0.0,0.0,0.0,/content/drive/MyDrive/Colab_Notebooks/results/training/plots/weight_updates_end_layer1_0_conv1.png
weight_updates,end,layer1.0.bn1,6272,-0.015091896,0.031966686,1.1920928955078125e-07,5.960464477539063e-08,0.0002517062,9.755756e-07,0.028096043,0.000109251865,0.0,0.0,0.0,/content/drive/MyDrive/Colab_Notebooks/results/training/plots/weight_updates_end_layer1_0_bn1.png
weight_updates,end,layer1.0.conv2,3612672,-0.028019391,0.018369079,4.656612873077393e-10,2.9103830456733704e-11,0.00022062512,8.5511004e-07,0.22749369,0.0008871524,0.0,0.0,0.0,/content/drive/MyDrive/Colab_Notebooks/results/training/plots/weight_updates_end_layer1_0_conv2.png
weight_updates,end,layer1.0.bn2,6272,-0.016492784,0.022818923,5.960464477539063e-08,5.960464477539063e-08,0.00017967656,6.963995e-07,0.024866505,9.6119504e-05,0.0,0.0,0.0,/content/drive/MyDrive/Colab_Notebooks/results/training/plots/weight_updates_end_layer1_0_bn2.png
weight_updates,end,layer1.1.conv1,3612672,-0.016407348,0.019193083,9.313225746154785e-10,5.820766091346741e-11,0.00015112663,5.8574426e-07,0.20073803,0.00078268704,0.0,0.0,0.0,/content/drive/MyDrive/Colab_Notebooks/results/training/plots/weight_updates_end_layer1_1_conv1.png
weight_updates,end,layer1.1.bn1,6272,-0.008428693,0.009620607,1.1920928955078125e-07,5.960464477539063e-08,7.575281e-05,2.9360658e-07,0.020536453,7.991425e-05,0.0,0.0,0.0,/content/drive/MyDrive/Colab_Notebooks/results/training/plots/weight_updates_end_layer1_1_bn1.png
weight_updates,end,layer1.1.conv2,3612672,-0.011840034,0.014282788,2.3283064365386963e-10,5.820766091346741e-11,0.0001124629,4.358894e-07,0.18882291,0.00073655974,0.0,0.0,0.0,/content/drive/MyDrive/Colab_Notebooks/results/training/plots/weight_updates_end_layer1_1_conv2.png
weight_updates,end,layer1.1.bn2,6272,-0.008001268,0.011182189,5.960464477539063e-08,5.960464477539063e-08,8.8048735e-05,3.4126373e-07,0.02352142,9.189915e-05,0.0,0.0,0.0,/content/drive/MyDrive/Colab_Notebooks/results/training/plots/weight_updates_end_layer1_1_bn2.png
weight_updates,end,layer2.0.conv1,7225344,-0.005882513,0.007897941,2.3283064365386963e-10,5.820766091346741e-11,6.218851e-05,2.410334e-07,0.10880274,0.00042148336,0.0,0.0,0.0,/content/drive/MyDrive/Colab_Notebooks/results/training/plots/weight_updates_end_layer2_0_conv1.png
weight_updates,end,layer2.0.bn1,12544,-0.0027817488,0.0049384832,5.960464477539063e-08,5.960464477539063e-08,3.8885693e-05,1.5071515e-07,0.026084876,0.00010101373,0.0,0.0,0.0,/content/drive/MyDrive/Colab_Notebooks/results/training/plots/weight_updates_end_layer2_0_bn1.png
weight_updates,end,layer2.0.conv2,14450688,-0.0035339184,0.004307527,1.1641532182693481e-10,5.820766091346741e-11,3.3917535e-05,1.314593e-07,0.10196917,0.00039647362,0.0,0.0,0.0,/content/drive/MyDrive/Colab_Notebooks/results/training/plots/weight_updates_end_layer2_0_conv2.png
weight_updates,end,layer2.0.bn2,12544,-0.0029398203,0.005456686,5.960464477539063e-08,5.960464477539063e-08,4.2966032e-05,1.6652993e-07,0.022432992,8.7318214e-05,0.0,0.0,0.0,/content/drive/MyDrive/Colab_Notebooks/results/training/plots/weight_updates_end_layer2_0_bn2.png
weight_updates,end,layer2.0.downsample.0,802816,-0.008478928,0.0092666,3.725290298461914e-09,2.1827872842550278e-11,7.2965355e-05,2.8280283e-07,0.10266593,0.00039718486,0.0,0.0,0.0,/content/drive/MyDrive/Colab_Notebooks/results/training/plots/weight_updates_end_layer2_0_downsample_0.png
weight_updates,end,layer2.0.downsample.1,12544,-0.0066429377,0.0045124292,5.960464477539063e-08,5.960464477539063e-08,5.2306597e-05,2.0273255e-07,0.027104147,0.000104588056,0.0,0.0,0.0,/content/drive/MyDrive/Colab_Notebooks/results/training/plots/weight_updates_end_layer2_0_downsample_1.png
weight_updates,end,layer2.1.conv1,14450688,-0.0042146966,0.004902916,1.4551915228366852e-11,2.9103830456733704e-11,3.8605638e-05,1.4962968e-07,0.123947494,0.0004821885,0.0,0.0,0.0,/content/drive/MyDrive/Colab_Notebooks/results/training/plots/weight_updates_end_layer2_1_conv1.png
weight_updates,end,layer2.1.bn1,12544,-0.0022960305,0.0043352842,5.960464477539063e-08,5.960464477539063e-08,3.4136097e-05,1.3230641e-07,0.026284266,0.00010181938,0.0,0.0,0.0,/content/drive/MyDrive/Colab_Notebooks/results/training/plots/weight_updates_end_layer2_1_bn1.png
weight_updates,end,layer2.1.conv2,14450688,-0.0033044135,0.0032518469,1.1641532182693481e-10,2.9103830456733704e-11,2.6019005e-05,1.00845774e-07,0.100499526,0.00039288762,0.0,0.0,0.0,/content/drive/MyDrive/Colab_Notebooks/results/training/plots/weight_updates_end_layer2_1_conv2.png
weight_updates,end,layer2.1.bn2,12544,-0.003142476,0.007032633,5.960464477539063e-08,5.960464477539063e-08,5.537506e-05,2.1462547e-07,0.026053865,0.00010118599,0.0,0.0,0.0,/content/drive/MyDrive/Colab_Notebooks/results/training/plots/weight_updates_end_layer2_1_bn2.png
weight_updates,end,layer3.0.conv1,28901376,-0.003025189,0.004268816,4.3655745685100555e-11,1.4551915228366852e-11,3.3612727e-05,1.3027791e-07,0.1349173,0.0005220442,0.0,0.0,0.0,/content/drive/MyDrive/Colab_Notebooks/results/training/plots/weight_updates_end_layer3_0_conv1.png
weight_updates,end,layer3.0.bn1,25088,-0.0013508797,0.0029141903,5.960464477539063e-08,5.960464477539063e-08,2.294638e-05,8.8936744e-08,0.025458409,9.913531e-05,0.0,0.0,0.0,/content/drive/MyDrive/Colab_Notebooks/results/training/plots/weight_updates_end_layer3_0_bn1.png
weight_updates,end,layer3.0.conv2,57802752,-0.0032029664,0.00243406,4.3655745685100555e-11,2.9103830456733704e-11,2.5220208e-05,9.774976e-08,0.16739918,0.0006468156,0.0,0.0,0.0,/content/drive/MyDrive/Colab_Notebooks/results/training/plots/weight_updates_end_layer3_0_conv2.png
weight_updates,end,layer3.0.bn2,25088,-0.0018860698,0.0034743547,5.960464477539063e-08,5.960464477539063e-08,2.7357124e-05,1.06032125e-07,0.021595275,8.3412684e-05,0.0,0.0,0.0,/content/drive/MyDrive/Colab_Notebooks/results/training/plots/weight_updates_end_layer3_0_bn2.png
weight_updates,end,layer3.0.downsample.0,3211264,-0.0064264387,0.005457079,4.656612873077393e-10,5.820766091346741e-11,5.060188e-05,1.9612533e-07,0.22034407,0.0008542771,0.0,0.0,0.0,/content/drive/MyDrive/Colab_Notebooks/results/training/plots/weight_updates_end_layer3_0_downsample_0.png
weight_updates,end,layer3.0.downsample.1,25088,-0.0033854246,0.0020593405,5.960464477539063e-08,5.960464477539063e-08,2.6656886e-05,1.03318115e-07,0.016494026,6.4124244e-05,0.0,0.0,0.0,/content/drive/MyDrive/Colab_Notebooks/results/training/plots/weight_updates_end_layer3_0_downsample_1.png
weight_updates,end,layer3.1.conv1,57802752,-0.0022957511,0.0021236015,7.275957614183426e-12,1.4551915228366852e-11,1.807678e-05,7.00629e-08,0.1205831,0.0004680387,0.0,0.0,0.0,/content/drive/MyDrive/Colab_Notebooks/results/training/plots/weight_updates_end_layer3_1_conv1.png
weight_updates,end,layer3.1.bn1,25088,-0.0014179349,0.0023401976,5.960464477539063e-08,5.960464477539063e-08,1.8426752e-05,7.141934e-08,0.020091327,7.72859e-05,0.0,0.0,0.0,/content/drive/MyDrive/Colab_Notebooks/results/training/plots/weight_updates_end_layer3_1_bn1.png
weight_updates,end,layer3.1.conv2,57802752,-0.0035815607,0.0021383732,4.3655745685100555e-11,2.9103830456733704e-11,2.8201266e-05,1.0930389e-07,0.19629738,0.0007616685,0.0,0.0,0.0,/content/drive/MyDrive/Colab_Notebooks/results/training/plots/weight_updates_end_layer3_1_conv2.png
weight_updates,end,layer3.1.bn2,25088,-0.0017543435,0.0059295893,5.960464477539063e-08,5.960464477539063e-08,4.6689678e-05,1.8096223e-07,0.02932205,0.00011346901,0.0,0.0,0.0,/content/drive/MyDrive/Colab_Notebooks/results/training/plots/weight_updates_end_layer3_1_bn2.png
weight_updates,end,layer4.0.conv1,115605504,-0.0017488301,0.0020285416,1.0913936421275139e-11,1.4551915228366852e-11,1.597277e-05,6.190807e-08,0.124398544,0.00048569473,0.0,0.0,0.0,/content/drive/MyDrive/Colab_Notebooks/results/training/plots/weight_updates_end_layer4_0_conv1.png
weight_updates,end,layer4.0.bn1,50176,-0.0016616583,0.001819849,5.960464477539063e-08,5.960464477539063e-08,1.432952e-05,5.553908e-08,0.017743675,6.9192785e-05,0.0,0.0,0.0,/content/drive/MyDrive/Colab_Notebooks/results/training/plots/weight_updates_end_layer4_0_bn1.png
weight_updates,end,layer4.0.conv2,231211008,-0.0026634652,0.001582887,1.4551915228366852e-11,5.4569682106375694e-12,2.0972167e-05,8.128499e-08,0.2544186,0.0009890484,0.0,0.0,0.0,/content/drive/MyDrive/Colab_Notebooks/results/training/plots/weight_updates_end_layer4_0_conv2.png
weight_updates,end,layer4.0.bn2,50176,-0.0060551763,0.0050525665,5.960464477539063e-08,5.960464477539063e-08,4.7678554e-05,1.8479496e-07,0.01508067,5.821544e-05,0.0,0.0,0.0,/content/drive/MyDrive/Colab_Notebooks/results/training/plots/weight_updates_end_layer4_0_bn2.png
weight_updates,end,layer4.0.downsample.0,12845056,-0.00858493,0.008201927,1.4551915228366852e-11,7.275957614183426e-12,6.759787e-05,2.6199925e-07,0.44190842,0.0017169997,0.0,0.0,0.0,/content/drive/MyDrive/Colab_Notebooks/results/training/plots/weight_updates_end_layer4_0_downsample_0.png
weight_updates,end,layer4.0.downsample.1,50176,-0.0071504116,0.012002945,5.960464477539063e-08,5.960464477539063e-08,9.451138e-05,3.6631198e-07,0.024216976,9.4003975e-05,0.0,0.0,0.0,/content/drive/MyDrive/Colab_Notebooks/results/training/plots/weight_updates_end_layer4_0_downsample_1.png
weight_updates,end,layer4.1.conv1,231211008,-0.0019721128,0.0022660736,1.0913936421275139e-11,1.4551915228366852e-11,1.78431e-05,6.915719e-08,0.2167614,0.00084160763,0.0,0.0,0.0,/content/drive/MyDrive/Colab_Notebooks/results/training/plots/weight_updates_end_layer4_1_conv1.png
weight_updates,end,layer4.1.bn1,50176,-0.0012695789,0.002014637,5.960464477539063e-08,5.960464477539063e-08,1.5863283e-05,6.148372e-08,0.01795407,6.936702e-05,0.0,0.0,0.0,/content/drive/MyDrive/Colab_Notebooks/results/training/plots/weight_updates_end_layer4_1_bn1.png
weight_updates,end,layer4.1.conv2,231211008,-0.0024685543,0.0023608562,7.275957614183426e-12,7.275957614183426e-12,1.9437435e-05,7.53366e-08,0.25183365,0.000972017,0.0,0.0,0.0,/content/drive/MyDrive/Colab_Notebooks/results/training/plots/weight_updates_end_layer4_1_conv2.png
weight_updates,end,layer4.1.bn2,50176,-0.005869746,0.005261123,5.960464477539063e-08,5.960464477539063e-08,4.6218473e-05,1.7913591e-07,0.009433067,3.66293e-05,0.0,0.0,0.0,/content/drive/MyDrive/Colab_Notebooks/results/training/plots/weight_updates_end_layer4_1_bn2.png
weight_updates,end,fc,501760,-0.04891654,0.037014686,9.313225746154785e-10,1.1641532182693481e-10,0.0003851696,1.49286e-06,0.021521885,8.345202e-05,0.0,0.0,0.0,/content/drive/MyDrive/Colab_Notebooks/results/training/plots/weight_updates_end_fc.png
weights,end,conv1,1728,-0.9206343,1.7775763,0.0001326437050011009,5.960464477539063e-08,0.013996664,5.424898e-05,0.013940429,5.5343986e-05,0.0,0.0,0.0,/content/drive/MyDrive/Colab_Notebooks/results/training/plots/weights_end_conv1.png
weights,end,bn1,64,0.62781477,1.396817,0.627814769744873,2.09808349609375e-05,0.010998559,4.2628773e-05,0.0033237378,1.2603901e-05,0.0,0.0,0.0,/content/drive/MyDrive/Colab_Notebooks/results/training/plots/weights_end_bn1.png
bias,end,bn1,64,-0.25300473,0.41770104,0.0010490699205547571,2.8323382139205933e-05,0.0032889845,1.2747613e-05,0.008104215,3.2597913e-05,0.0,0.0,0.0,/content/drive/MyDrive/Colab_Notebooks/results/training/plots/bias_end_bn1.png
weights,end,layer1.0.conv1,36864,-0.5760543,0.7416411,3.0413320928346366e-06,1.862645149230957e-09,0.005839694,2.2633782e-05,0.019526094,7.56205e-05,0.0,0.0,0.0,/content/drive/MyDrive/Colab_Notebooks/results/training/plots/weights_end_layer1_0_conv1.png
weights,end,layer1.0.bn1,64,0.80220276,1.3131003,0.8022027611732483,4.202127456665039e-05,0.010339373,4.0073865e-05,0.0028190797,1.119497e-05,0.0,0.0,0.0,/content/drive/MyDrive/Colab_Notebooks/results/training/plots/weights_end_layer1_0_bn1.png
bias,end,layer1.0.bn1,64,-0.21392338,0.1356859,0.0004289011412765831,8.158385753631592e-06,0.0016844361,6.5286226e-06,0.006000526,2.4323865e-05,0.0,0.0,0.0,/content/drive/MyDrive/Colab_Notebooks/results/training/plots/bias_end_layer1_0_bn1.png
weights,end,layer1.0.conv2,36864,-0.3364845,0.35944623,5.035133767705702e-07,9.313225746154785e-10,0.0028302853,1.0969763e-05,0.011205141,4.3385902e-05,0.0,0.0,0.0,/content/drive/MyDrive/Colab_Notebooks/results/training/plots/weights_end_layer1_0_conv2.png
weights,end,layer1.0.bn2,64,0.8422469,1.3517368,0.8422468900680542,8.690357208251953e-05,0.010643597,4.125299e-05,0.002905816,1.1419845e-05,0.0,0.0,0.0,/content/drive/MyDrive/Colab_Notebooks/results/training/plots/weights_end_layer1_0_bn2.png
bias,end,layer1.0.bn2,64,-0.18344983,0.06314293,6.0880451201228425e-05,0.00010848045349121094,0.0014444869,5.5986156e-06,0.0065525263,2.2359518e-05,0.0,0.0,0.0,/content/drive/MyDrive/Colab_Notebooks/results/training/plots/bias_end_layer1_0_bn2.png
weights,end,layer1.1.conv1,36864,-0.31419638,0.28139386,5.357092959457077e-06,9.313225746154785e-10,0.0024739872,9.588805e-06,0.010664159,4.1584306e-05,0.0,0.0,0.0,/content/drive/MyDrive/Colab_Notebooks/results/training/plots/weights_end_layer1_1_conv1.png
weights,end,layer1.1.bn1,64,0.90889895,1.1520272,0.9088989496231079,2.7239322662353516e-05,0.009071081,3.5158155e-05,0.0025744685,9.585255e-06,0.0,0.0,0.0,/content/drive/MyDrive/Colab_Notebooks/results/training/plots/weights_end_layer1_1_bn1.png
bias,end,layer1.1.bn1,64,-0.21705133,0.07772907,0.0018471350194886327,2.3359432816505432e-05,0.0017090655,6.624083e-06,0.007511466,3.045082e-05,0.0,0.0,0.0,/content/drive/MyDrive/Colab_Notebooks/results/training/plots/bias_end_layer1_1_bn1.png
weights,end,layer1.1.conv2,36864,-0.2570944,0.25240734,7.070498213579413e-07,2.3283064365386963e-10,0.0020243654,7.846138e-06,0.00922465,3.5889818e-05,0.0,0.0,0.0,/content/drive/MyDrive/Colab_Notebooks/results/training/plots/weights_end_layer1_1_conv2.png
weights,end,layer1.1.bn2,64,0.9087543,1.1761374,0.908754289150238,2.6702880859375e-05,0.0092609245,3.589396e-05,0.0027724786,1.0979105e-05,0.0,0.0,0.0,/content/drive/MyDrive/Colab_Notebooks/results/training/plots/weights_end_layer1_1_bn2.png
bias,end,layer1.1.bn2,64,-0.13633445,0.035071936,0.0004143940459471196,3.551505506038666e-05,0.0010734996,4.160724e-06,0.00820904,3.381224e-05,0.0,0.0,0.0,/content/drive/MyDrive/Colab_Notebooks/results/training/plots/bias_end_layer1_1_bn2.png
weights,end,layer2.0.conv1,73728,-0.17656316,0.19743524,4.820241201741737e-07,4.656612873077393e-10,0.0015546082,6.0254292e-06,0.010047425,3.9031358e-05,0.0,0.0,0.0,/content/drive/MyDrive/Colab_Notebooks/results/training/plots/weights_end_layer2_0_conv1.png
weights,end,layer2.0.bn1,128,0.963083,1.0812994,0.963083028793335,1.7881393432617188e-06,0.008514169,3.2999647e-05,0.0024661126,9.1133725e-06,0.0,0.0,0.0,/content/drive/MyDrive/Colab_Notebooks/results/training/plots/weights_end_layer2_0_bn1.png
bias,end,layer2.0.bn1,128,-0.1460456,0.031196602,4.418430762598291e-06,9.5367431640625e-07,0.0011499653,4.457094e-06,0.008411722,3.588827e-05,0.0,0.0,0.0,/content/drive/MyDrive/Colab_Notebooks/results/training/plots/bias_end_layer2_0_bn1.png
weights,end,layer2.0.conv2,147456,-0.17856719,0.18424848,1.514166143579132e-07,4.656612873077393e-10,0.0014507754,5.6229887e-06,0.009742464,3.7886435e-05,0.0,0.0,0.0,/content/drive/MyDrive/Colab_Notebooks/results/training/plots/weights_end_layer2_0_conv2.png
weights,end,layer2.0.bn2,128,0.94107187,1.0856142,0.9410718679428101,3.4570693969726562e-06,0.008548143,3.3131328e-05,0.0024458915,8.981951e-06,0.0,0.0,0.0,/content/drive/MyDrive/Colab_Notebooks/results/training/plots/weights_end_layer2_0_bn2.png
bias,end,layer2.0.bn2,128,-0.15793933,0.045353297,0.0005840300000272691,1.789536327123642e-06,0.0012436168,4.8200727e-06,0.008165908,3.3520664e-05,0.0,0.0,0.0,/content/drive/MyDrive/Colab_Notebooks/results/training/plots/bias_end_layer2_0_bn2.png
weights,end,layer2.0.downsample.0,8192,-0.43688166,0.52142847,4.8709887778386474e-05,7.450580596923828e-09,0.004105736,1.591322e-05,0.009304167,3.631239e-05,0.0,0.0,0.0,/content/drive/MyDrive/Colab_Notebooks/results/training/plots/weights_end_layer2_0_downsample_0.png
weights,end,layer2.0.downsample.1,128,0.9351199,1.0394893,0.9351199269294739,6.020069122314453e-06,0.0081849545,3.1723663e-05,0.0024127506,9.528866e-06,0.0,0.0,0.0,/content/drive/MyDrive/Colab_Notebooks/results/training/plots/weights_end_layer2_0_downsample_1.png
bias,end,layer2.0.downsample.1,128,-0.15793933,0.045353297,0.0005840300000272691,1.789536327123642e-06,0.0012436168,4.8200727e-06,0.008165908,3.3520664e-05,0.0,0.0,0.0,/content/drive/MyDrive/Colab_Notebooks/results/training/plots/bias_end_layer2_0_downsample_1.png
weights,end,layer2.1.conv1,147456,-0.17533994,0.20567486,9.711658321975847e-07,4.656612873077393e-10,0.0016194871,6.27689e-06,0.011060431,4.298826e-05,0.0,0.0,0.0,/content/drive/MyDrive/Colab_Notebooks/results/training/plots/weights_end_layer2_1_conv1.png
weights,end,layer2.1.bn1,128,0.9661611,1.0571021,0.9661610722541809,1.7881393432617188e-06,0.008323639,3.226118e-05,0.0024160808,9.042146e-06,0.0,0.0,0.0,/content/drive/MyDrive/Colab_Notebooks/results/training/plots/weights_end_layer2_1_bn1.png
bias,end,layer2.1.bn1,128,-0.16836862,0.055989888,0.0003705887065734714,6.845220923423767e-07,0.0013257372,5.1383595e-06,0.007995835,3.005408e-05,0.0,0.0,0.0,/content/drive/MyDrive/Colab_Notebooks/results/training/plots/bias_end_layer2_1_bn1.png
weights,end,layer2.1.conv2,147456,-0.1987712,0.19555686,2.518676751606108e-07,9.313225746154785e-10,0.0015651275,6.0662005e-06,0.010564101,4.1064282e-05,0.0,0.0,0.0,/content/drive/MyDrive/Colab_Notebooks/results/training/plots/weights_end_layer2_1_conv2.png
weights,end,layer2.1.bn2,128,0.94155186,1.1146612,0.9415518641471863,2.8967857360839844e-05,0.00877686,3.4017798e-05,0.0024157614,9.5155765e-06,0.0,0.0,0.0,/content/drive/MyDrive/Colab_Notebooks/results/training/plots/weights_end_layer2_1_bn2.png
bias,end,layer2.1.bn2,128,-0.10186765,0.043533895,6.756965740351006e-05,3.051944077014923e-06,0.0008021075,3.108849e-06,0.007617599,2.9085539e-05,0.0,0.0,0.0,/content/drive/MyDrive/Colab_Notebooks/results/training/plots/bias_end_layer2_1_bn2.png
weights,end,layer3.0.conv1,294912,-0.1411233,0.13849658,1.9466588696559484e-07,9.313225746154785e-10,0.0011112071,4.3068726e-06,0.010625821,4.1337466e-05,0.0,0.0,0.0,/content/drive/MyDrive/Colab_Notebooks/results/training/plots/weights_end_layer3_0_conv1.png
weights,end,layer3.0.bn1,256,0.97461367,1.0384738,0.9746136665344238,5.960464477539063e-08,0.008176959,3.1692674e-05,0.0023050418,8.872479e-06,0.0,0.0,0.0,/content/drive/MyDrive/Colab_Notebooks/results/training/plots/weights_end_layer3_0_bn1.png
bias,end,layer3.0.bn1,256,-0.102640934,0.025872651,4.165557402302511e-05,1.2689270079135895e-07,0.0008081963,3.1324482e-06,0.00857628,3.302129e-05,0.0,0.0,0.0,/content/drive/MyDrive/Colab_Notebooks/results/training/plots/bias_end_layer3_0_bn1.png
weights,end,layer3.0.conv2,589824,-0.13128708,0.14764737,6.221186055199723e-08,2.3283064365386963e-10,0.0011625777,4.5059774e-06,0.011259562,4.3576812e-05,0.0,0.0,0.0,/content/drive/MyDrive/Colab_Notebooks/results/training/plots/weights_end_layer3_0_conv2.png
weights,end,layer3.0.bn2,256,0.9673904,1.0590914,0.9673904180526733,7.748603820800781e-07,0.008339303,3.2321892e-05,0.002360749,9.404946e-06,0.0,0.0,0.0,/content/drive/MyDrive/Colab_Notebooks/results/training/plots/weights_end_layer3_0_bn2.png
bias,end,layer3.0.bn2,256,-0.11134556,0.031702276,1.4961355191189796e-05,4.172325134277344e-07,0.0008767367,3.3981005e-06,0.0076271472,3.0074289e-05,0.0,0.0,0.0,/content/drive/MyDrive/Colab_Notebooks/results/training/plots/bias_end_layer3_0_bn2.png
weights,end,layer3.0.downsample.0,32768,-0.3734129,0.3699515,7.146637017285684e-06,3.725290298461914e-09,0.0029402592,1.1396005e-05,0.009465987,3.678435e-05,0.0,0.0,0.0,/content/drive/MyDrive/Colab_Notebooks/results/training/plots/weights_end_layer3_0_downsample_0.png
weights,end,layer3.0.downsample.1,256,0.9475082,1.025509,0.9475082159042358,5.960464477539063e-08,0.008074874,3.1297008e-05,0.0023392313,8.7859735e-06,0.0,0.0,0.0,/content/drive/MyDrive/Colab_Notebooks/results/training/plots/weights_end_layer3_0_downsample_1.png
bias,end,layer3.0.downsample.1,256,-0.11134556,0.031702276,1.4961355191189796e-05,4.172325134277344e-07,0.0008767367,3.3981005e-06,0.0076271472,3.0074289e-05,0.0,0.0,0.0,/content/drive/MyDrive/Colab_Notebooks/results/training/plots/bias_end_layer3_0_downsample_1.png
weights,end,layer3.1.conv1,589824,-0.14656457,0.13466267,3.5273561849180624e-08,4.656612873077393e-10,0.0011540517,4.4729322e-06,0.011203027,4.3246495e-05,0.0,0.0,0.0,/content/drive/MyDrive/Colab_Notebooks/results/training/plots/weights_end_layer3_1_conv1.png
weights,end,layer3.1.bn1,256,0.9715,1.0527484,0.9714999794960022,5.364418029785156e-07,0.008289358,3.2128315e-05,0.0023213173,9.873933e-06,0.0,0.0,0.0,/content/drive/MyDrive/Colab_Notebooks/results/training/plots/weights_end_layer3_1_bn1.png
bias,end,layer3.1.bn1,256,-0.10086955,0.027928896,0.0001200237893499434,7.841736078262329e-07,0.0007942484,3.0783883e-06,0.007858535,3.2104614e-05,0.0,0.0,0.0,/content/drive/MyDrive/Colab_Notebooks/results/training/plots/bias_end_layer3_1_bn1.png
weights,end,layer3.1.conv2,589824,-0.14862181,0.15907812,5.094775268332796e-09,4.656612873077393e-10,0.0012525836,4.8548272e-06,0.012103655,4.6694644e-05,0.0,0.0,0.0,/content/drive/MyDrive/Colab_Notebooks/results/training/plots/weights_end_layer3_1_conv2.png
weights,end,layer3.1.bn2,256,0.9709411,1.1294222,0.9709411263465881,5.960464477539062e-07,0.008893088,3.446828e-05,0.0025060195,9.685468e-06,0.0,0.0,0.0,/content/drive/MyDrive/Colab_Notebooks/results/training/plots/weights_end_layer3_1_bn2.png
bias,end,layer3.1.bn2,256,-0.07239707,0.021127881,4.425262886798009e-05,3.2614916563034058e-06,0.0005700557,2.2094507e-06,0.0066617317,2.6939399e-05,0.0,0.0,0.0,/content/drive/MyDrive/Colab_Notebooks/results/training/plots/bias_end_layer3_1_bn2.png
weights,end,layer4.0.conv1,1179648,-0.09900459,0.107938774,2.5508347434310963e-08,4.656612873077393e-10,0.0008499116,3.2941305e-06,0.01148528,4.4540346e-05,0.0,0.0,0.0,/content/drive/MyDrive/Colab_Notebooks/results/training/plots/weights_end_layer4_0_conv1.png
weights,end,layer4.0.bn1,512,0.98233134,1.0335946,0.9823313355445862,2.384185791015625e-07,0.00813854,3.154377e-05,0.0023864922,8.851998e-06,0.0,0.0,0.0,/content/drive/MyDrive/Colab_Notebooks/results/training/plots/weights_end_layer4_0_bn1.png
bias,end,layer4.0.bn1,512,-0.06620774,0.019437874,2.3310649339691736e-05,1.0244548320770264e-07,0.00052132073,2.0205614e-06,0.00757242,2.8529197e-05,0.0,0.0,0.0,/content/drive/MyDrive/Colab_Notebooks/results/training/plots/bias_end_layer4_0_bn1.png
weights,end,layer4.0.conv2,2359296,-0.10117188,0.106878355,4.913950579776838e-09,4.656612873077393e-10,0.0008415619,3.2617681e-06,0.011427799,4.3972897e-05,0.0,0.0,0.0,/content/drive/MyDrive/Colab_Notebooks/results/training/plots/weights_end_layer4_0_conv2.png
weights,end,layer4.0.bn2,512,0.81341684,1.092356,0.8134168386459351,7.152557373046875e-07,0.008601228,3.3337077e-05,0.002573184,9.894214e-06,0.0,0.0,0.0,/content/drive/MyDrive/Colab_Notebooks/results/training/plots/weights_end_layer4_0_bn2.png
bias,end,layer4.0.bn2,512,-0.19830215,0.43700305,0.0007907325052656233,3.2782554626464844e-07,0.003440969,1.3336682e-05,0.010389802,4.149476e-05,0.0,0.0,0.0,/content/drive/MyDrive/Colab_Notebooks/results/training/plots/bias_end_layer4_0_bn2.png
weights,end,layer4.0.downsample.0,131072,-0.2814722,0.33694023,1.581352876200981e-06,2.3283064365386963e-10,0.0026530726,1.02829135e-05,0.012052958,4.6683585e-05,0.0,0.0,0.0,/content/drive/MyDrive/Colab_Notebooks/results/training/plots/weights_end_layer4_0_downsample_0.png
weights,end,layer4.0.downsample.1,512,0.8481497,1.3076833,0.8481497168540955,3.5762786865234375e-07,0.010296719,3.9908547e-05,0.0030229436,1.1723141e-05,0.0,0.0,0.0,/content/drive/MyDrive/Colab_Notebooks/results/training/plots/weights_end_layer4_0_downsample_1.png
bias,end,layer4.0.downsample.1,512,-0.19830215,0.43700305,0.0007907325052656233,3.2782554626464844e-07,0.003440969,1.3336682e-05,0.010389802,4.149476e-05,0.0,0.0,0.0,/content/drive/MyDrive/Colab_Notebooks/results/training/plots/bias_end_layer4_0_downsample_1.png
weights,end,layer4.1.conv1,2359296,-0.10727966,0.10651719,3.393081726699165e-08,1.1641532182693481e-10,0.00084472174,3.2740152e-06,0.01157025,4.5045985e-05,0.0,0.0,0.0,/content/drive/MyDrive/Colab_Notebooks/results/training/plots/weights_end_layer4_1_conv1.png
weights,end,layer4.1.bn1,512,0.9796167,1.0308934,0.9796167016029358,1.1920928955078125e-07,0.008117272,3.146133e-05,0.0022391726,9.234371e-06,0.0,0.0,0.0,/content/drive/MyDrive/Colab_Notebooks/results/training/plots/weights_end_layer4_1_bn1.png
bias,end,layer4.1.bn1,512,-0.056263752,0.012113337,6.426837353501469e-05,1.6205012798309326e-07,0.00044302168,1.7170859e-06,0.005413023,1.9761601e-05,0.0,0.0,0.0,/content/drive/MyDrive/Colab_Notebooks/results/training/plots/bias_end_layer4_1_bn1.png
weights,end,layer4.1.conv2,2359296,-0.10248486,0.10700503,1.9505748127812694e-08,4.656612873077393e-10,0.00084255927,3.265634e-06,0.011430011,4.4556633e-05,0.0,0.0,0.0,/content/drive/MyDrive/Colab_Notebooks/results/training/plots/weights_end_layer4_1_conv2.png
weights,end,layer4.1.bn2,512,0.83791006,1.02496,0.8379100561141968,3.5762786865234375e-07,0.008070552,3.128025e-05,0.0024929913,9.732714e-06,0.0,0.0,0.0,/content/drive/MyDrive/Colab_Notebooks/results/training/plots/weights_end_layer4_1_bn2.png
bias,end,layer4.1.bn2,512,-0.3726561,0.18374172,0.0004082634986843914,2.980232238769531e-07,0.0029343,1.1372909e-05,0.0046388316,1.7835293e-05,0.0,0.0,0.0,/content/drive/MyDrive/Colab_Notebooks/results/training/plots/bias_end_layer4_1_bn2.png
weights,end,fc,5120,-0.60310394,0.57388276,7.064729288686067e-06,1.3969838619232178e-09,0.0047488497,1.8405834e-05,0.017020581,6.494128e-05,0.0,0.0,0.0,/content/drive/MyDrive/Colab_Notebooks/results/training/plots/weights_end_fc.png
bias,end,fc,10,-0.56047755,1.0217758,0.11530689895153046,0.019270822405815125,0.008045479,3.1183077e-05,0.005421888,1.915865e-05,0.0,0.0,0.0,/content/drive/MyDrive/Colab_Notebooks/results/training/plots/bias_end_fc.png
